{
  "Batch128": {
    "ns_per_op": 9009158,
    "bytes_per_op": 1794592,
    "allocs_per_op": 3097,
    "ops_per_sec": 110.9981643123586
  },
  "Batch16": {
    "ns_per_op": 2952307,
    "bytes_per_op": 272414,
    "allocs_per_op": 574,
    "ops_per_sec": 338.7181617629874
  },
  "Batch32": {
    "ns_per_op": 4363995,
    "bytes_per_op": 497282,
    "allocs_per_op": 944,
    "ops_per_sec": 229.1478335790944
  },
  "Batch64": {
    "ns_per_op": 4165711,
    "bytes_per_op": 923302,
    "allocs_per_op": 1659,
    "ops_per_sec": 240.05505902833875
  },
  "Batch8": {
    "ns_per_op": 1829981,
    "bytes_per_op": 159302,
    "allocs_per_op": 387,
    "ops_per_sec": 546.4537609953327
  },
  "Bundled10": {
    "ns_per_op": 5497325,
    "bytes_per_op": 579069,
    "allocs_per_op": 10865,
    "ops_per_sec": 181.9066546001919
  },
  "Bundled100": {
    "ns_per_op": 50060269,
    "bytes_per_op": 4190192,
    "allocs_per_op": 79952,
    "ops_per_sec": 19.975921423834137
  },
  "Bundled50": {
    "ns_per_op": 25171846,
    "bytes_per_op": 2480756,
    "allocs_per_op": 46901,
    "ops_per_sec": 39.72692348427684
  },
  "FullWorkflow": {
    "ns_per_op": 9271460,
    "bytes_per_op": 299277,
    "allocs_per_op": 1835,
    "ops_per_sec": 107.85787783153894
  },
  "Get": {
    "ns_per_op": 184,
    "bytes_per_op": 64,
    "allocs_per_op": 2,
    "ops_per_sec": 5434782.608695652
  },
  "GetCold": {
    "ns_per_op": 429,
    "bytes_per_op": 143,
    "allocs_per_op": 3,
    "ops_per_sec": 2331002.331002331
  },
  "Insert": {
    "ns_per_op": 4533,
    "bytes_per_op": 12131,
    "allocs_per_op": 18,
    "ops_per_sec": 220604.45621001543
  },
  "ProofGen": {
    "ns_per_op": 66542412,
    "bytes_per_op": 925099,
    "allocs_per_op": 25745,
    "ops_per_sec": 15.028009504675003
  },
  "ProofGenPar": {
    "ns_per_op": 7456373,
    "bytes_per_op": 929473,
    "allocs_per_op": 25812,
    "ops_per_sec": 134.11346240323547
  },
  "VerifyBundled": {
    "ns_per_op": 35057012,
    "bytes_per_op": 454405,
    "allocs_per_op": 14200,
    "ops_per_sec": 28.524963850313313
  },
  "VerifySingle": {
    "ns_per_op": 5459877,
    "bytes_per_op": 89014,
    "allocs_per_op": 331,
    "ops_per_sec": 183.1543091538509
  }
}