{
  "Batch128": {
    "ns_per_op": 7398492,
    "bytes_per_op": 1809281,
    "allocs_per_op": 3101,
    "ops_per_sec": 135.16267909730794
  },
  "Batch16": {
    "ns_per_op": 2497163,
    "bytes_per_op": 263824,
    "allocs_per_op": 569,
    "ops_per_sec": 400.4544356936251
  },
  "Batch32": {
    "ns_per_op": 3895015,
    "bytes_per_op": 492256,
    "allocs_per_op": 940,
    "ops_per_sec": 256.73842077629996
  },
  "Batch64": {
    "ns_per_op": 4938839,
    "bytes_per_op": 908924,
    "allocs_per_op": 1654,
    "ops_per_sec": 202.47673592923357
  },
  "Batch8": {
    "ns_per_op": 2205964,
    "bytes_per_op": 158866,
    "allocs_per_op": 388,
    "ops_per_sec": 453.31655457659326
  },
  "Bundled10": {
    "ns_per_op": 5679586,
    "bytes_per_op": 579092,
    "allocs_per_op": 10865,
    "ops_per_sec": 176.0691712388896
  },
  "Bundled100": {
    "ns_per_op": 49018904,
    "bytes_per_op": 4190264,
    "allocs_per_op": 79952,
    "ops_per_sec": 20.4002929155658
  },
  "Bundled50": {
    "ns_per_op": 25236445,
    "bytes_per_op": 2480723,
    "allocs_per_op": 46901,
    "ops_per_sec": 39.62523247628578
  },
  "FullWorkflow": {
    "ns_per_op": 9318474,
    "bytes_per_op": 299308,
    "allocs_per_op": 1837,
    "ops_per_sec": 107.31370823162676
  },
  "Get": {
    "ns_per_op": 192,
    "bytes_per_op": 64,
    "allocs_per_op": 2,
    "ops_per_sec": 5208333.333333333
  },
  "GetCold": {
    "ns_per_op": 453,
    "bytes_per_op": 143,
    "allocs_per_op": 3,
    "ops_per_sec": 2207505.518763797
  },
  "Insert": {
    "ns_per_op": 4624,
    "bytes_per_op": 12191,
    "allocs_per_op": 18,
    "ops_per_sec": 216262.9757785467
  },
  "ProofGen": {
    "ns_per_op": 63068587,
    "bytes_per_op": 925088,
    "allocs_per_op": 25743,
    "ops_per_sec": 15.855753990492921
  },
  "ProofGenPar": {
    "ns_per_op": 7889186,
    "bytes_per_op": 929489,
    "allocs_per_op": 25810,
    "ops_per_sec": 126.75578950730785
  },
  "VerifyBundled": {
    "ns_per_op": 35641006,
    "bytes_per_op": 454400,
    "allocs_per_op": 14200,
    "ops_per_sec": 28.057569418775664
  },
  "VerifySingle": {
    "ns_per_op": 3787811,
    "bytes_per_op": 89006,
    "allocs_per_op": 331,
    "ops_per_sec": 264.00472462855197
  }
}