{
  "Batch128": {
    "ns_per_op": 7716000,
    "bytes_per_op": 1705670,
    "allocs_per_op": 3057,
    "ops_per_sec": 129.60082944530845
  },
  "Batch16": {
    "ns_per_op": 2219052,
    "bytes_per_op": 263198,
    "allocs_per_op": 568,
    "ops_per_sec": 450.6428871427979
  },
  "Batch32": {
    "ns_per_op": 4242865,
    "bytes_per_op": 478471,
    "allocs_per_op": 932,
    "ops_per_sec": 235.68979922764453
  },
  "Batch64": {
    "ns_per_op": 5578504,
    "bytes_per_op": 899779,
    "allocs_per_op": 1649,
    "ops_per_sec": 179.25952907804674
  },
  "Batch8": {
    "ns_per_op": 1552574,
    "bytes_per_op": 155768,
    "allocs_per_op": 387,
    "ops_per_sec": 644.091682586466
  },
  "Bundled10": {
    "ns_per_op": 5634308,
    "bytes_per_op": 579017,
    "allocs_per_op": 10864,
    "ops_per_sec": 177.48408500209786
  },
  "Bundled100": {
    "ns_per_op": 46913421,
    "bytes_per_op": 4190198,
    "allocs_per_op": 79952,
    "ops_per_sec": 21.31586182981625
  },
  "Bundled50": {
    "ns_per_op": 24766736,
    "bytes_per_op": 2480689,
    "allocs_per_op": 46901,
    "ops_per_sec": 40.376737572524696
  },
  "FullWorkflow": {
    "ns_per_op": 7184760,
    "bytes_per_op": 299564,
    "allocs_per_op": 1835,
    "ops_per_sec": 139.18349395108535
  },
  "Get": {
    "ns_per_op": 184,
    "bytes_per_op": 64,
    "allocs_per_op": 2,
    "ops_per_sec": 5434782.608695652
  },
  "GetCold": {
    "ns_per_op": 438,
    "bytes_per_op": 143,
    "allocs_per_op": 3,
    "ops_per_sec": 2283105.02283105
  },
  "Insert": {
    "ns_per_op": 4767,
    "bytes_per_op": 11941,
    "allocs_per_op": 18,
    "ops_per_sec": 209775.54017201596
  },
  "ProofGen": {
    "ns_per_op": 65992466,
    "bytes_per_op": 924842,
    "allocs_per_op": 25743,
    "ops_per_sec": 15.153244917381933
  },
  "ProofGenPar": {
    "ns_per_op": 8160665,
    "bytes_per_op": 928445,
    "allocs_per_op": 25801,
    "ops_per_sec": 122.53903327731257
  },
  "VerifyBundled": {
    "ns_per_op": 35239195,
    "bytes_per_op": 454400,
    "allocs_per_op": 14200,
    "ops_per_sec": 28.377492732169394
  },
  "VerifySingle": {
    "ns_per_op": 5773413,
    "bytes_per_op": 89022,
    "allocs_per_op": 331,
    "ops_per_sec": 173.20777155557727
  }
}